<ImportExportXml xmlns:xsi="http://www.w3.org/2001/XMLSchema-instance">
  <Entities></Entities>
  <Roles></Roles>
  <Workflows></Workflows>
  <FieldSecurityProfiles></FieldSecurityProfiles>
  <Templates />
  <EntityMaps />
  <EntityRelationships />
  <OrganizationSettings />
  <optionsets />
  <CustomControls />
  <SolutionPluginAssemblies>
    <PluginAssembly FullName="D365PSA PMAccessRights, Version=1.0.0.0, Culture=neutral, PublicKeyToken=8df28d5bbd447ffc" PluginAssemblyId="7090598e-51bc-4db8-8452-b7a03ddcfc72" CustomizationLevel="1">
      <IsolationMode>2</IsolationMode>
      <SourceType>0</SourceType>
      <IntroducedVersion>1.0</IntroducedVersion>
      <FileName>/PluginAssemblies/D365PSAPMAccessRights-7090598E-51BC-4DB8-8452-B7A03DDCFC72/D365PSAPMAccessRights.dll</FileName>
      <PluginTypes>
        <PluginType AssemblyQualifiedName="D365PSA_PMAccessRights.GrantPMAccessRights, D365PSA PMAccessRights, Version=1.0.0.0, Culture=neutral, PublicKeyToken=8df28d5bbd447ffc" PluginTypeId="29ea0137-35c8-4540-a9dc-74869a7450e4" Name="D365PSA_PMAccessRights.GrantPMAccessRights">
          <FriendlyName>1a92f779-a6a1-4536-9b73-09bca6a41bfc</FriendlyName>
        </PluginType>
      </PluginTypes>
    </PluginAssembly>
  </SolutionPluginAssemblies>
  <SdkMessageProcessingSteps>
    <SdkMessageProcessingStep Name="D365PSA_PMAccessRights.GrantPMAccessRights: Update of msdyn_project" SdkMessageProcessingStepId="{145cf02e-cf39-e911-a979-000d3a3ab886}">
      <PluginTypeName>D365PSA_PMAccessRights.GrantPMAccessRights, D365PSA PMAccessRights, Version=1.0.0.0, Culture=neutral, PublicKeyToken=8df28d5bbd447ffc</PluginTypeName>
      <PluginTypeId>29ea0137-35c8-4540-a9dc-74869a7450e4</PluginTypeId>
      <PrimaryEntity>msdyn_project</PrimaryEntity>
      <AsyncAutoDelete>1</AsyncAutoDelete>
      <Description>D365PSA_PMAccessRights.GrantPMAccessRights: Update of msdyn_project</Description>
      <FilteringAttributes>msdyn_projectmanager</FilteringAttributes>
      <InvocationSource>1</InvocationSource>
      <Mode>1</Mode>
      <Rank>1</Rank>
      <SdkMessageId>{20bebb1b-ea3e-db11-86a7-000a3a5473e8}</SdkMessageId>
      <EventHandlerTypeCode>4602</EventHandlerTypeCode>
      <Stage>40</Stage>
      <IsCustomizable>1</IsCustomizable>
      <IsHidden>0</IsHidden>
      <SupportedDeployment>0</SupportedDeployment>
      <IntroducedVersion>1.0</IntroducedVersion>
      <SdkMessageProcessingStepImages>
        <SdkMessageProcessingStepImage Name="ProjectImages">
          <SdkMessageProcessingStepImageId>{10453d9e-cf39-e911-a975-000d3a3ab6b4}</SdkMessageProcessingStepImageId>
          <Attributes>msdyn_projectmanager</Attributes>
          <EntityAlias>ProjectImages</EntityAlias>
          <ImageType>2</ImageType>
          <MessagePropertyName>Target</MessagePropertyName>
          <IsCustomizable>1</IsCustomizable>
        </SdkMessageProcessingStepImage>
      </SdkMessageProcessingStepImages>
    </SdkMessageProcessingStep>
  </SdkMessageProcessingSteps>
  <EntityDataProviders />
  <Languages>
    <Language>1033</Language>
  </Languages>
</ImportExportXml>