<ImportExportXml version="9.1.0.2251" SolutionPackageVersion="9.1" languagecode="1033" generatedBy="CrmLive" xmlns:xsi="http://www.w3.org/2001/XMLSchema-instance">
  <SolutionManifest>
    <UniqueName>D365PSAPMAccessRights</UniqueName>
    <LocalizedNames>
      <LocalizedName description="D365 PSA PM Access Rights" languagecode="1033" />
    </LocalizedNames>
    <Descriptions>
      <Description description="More info on the GitHub Page: https://github.com/priyeshwagh777/MSDynD365-PSAGrantPMAccess" languagecode="1033" />
    </Descriptions>
    <Version>1.0.0.0</Version>
    <Managed>0</Managed>
    <Publisher>
      <UniqueName>priyeshwagh</UniqueName>
      <LocalizedNames>
        <LocalizedName description="Priyesh Wagh" languagecode="1033" />
      </LocalizedNames>
      <Descriptions>
        <Description description="GitHub Page: https://github.com/priyeshwagh777/MSDynD365-PSAGrantPMAccess" languagecode="1033" />
      </Descriptions>
      <EMailAddress>priyeshwagh777@hotmail.com</EMailAddress>
      <SupportingWebsiteUrl>https://d365demystified.com/</SupportingWebsiteUrl>
      <CustomizationPrefix>pw</CustomizationPrefix>
      <CustomizationOptionValuePrefix>26689</CustomizationOptionValuePrefix>
      <Addresses>
        <Address>
          <AddressNumber>1</AddressNumber>
          <AddressTypeCode>1</AddressTypeCode>
          <City>Mumbai</City>
          <County xsi:nil="true"></County>
          <Country>India</Country>
          <Fax xsi:nil="true"></Fax>
          <FreightTermsCode xsi:nil="true"></FreightTermsCode>
          <ImportSequenceNumber xsi:nil="true"></ImportSequenceNumber>
          <Latitude xsi:nil="true"></Latitude>
          <Line1 xsi:nil="true"></Line1>
          <Line2 xsi:nil="true"></Line2>
          <Line3 xsi:nil="true"></Line3>
          <Longitude xsi:nil="true"></Longitude>
          <Name xsi:nil="true"></Name>
          <PostalCode xsi:nil="true"></PostalCode>
          <PostOfficeBox xsi:nil="true"></PostOfficeBox>
          <PrimaryContactName xsi:nil="true"></PrimaryContactName>
          <ShippingMethodCode>1</ShippingMethodCode>
          <StateOrProvince xsi:nil="true"></StateOrProvince>
          <Telephone1 xsi:nil="true"></Telephone1>
          <Telephone2 xsi:nil="true"></Telephone2>
          <Telephone3 xsi:nil="true"></Telephone3>
          <TimeZoneRuleVersionNumber xsi:nil="true"></TimeZoneRuleVersionNumber>
          <UPSZone xsi:nil="true"></UPSZone>
          <UTCOffset xsi:nil="true"></UTCOffset>
          <UTCConversionTimeZoneCode xsi:nil="true"></UTCConversionTimeZoneCode>
        </Address>
        <Address>
          <AddressNumber>2</AddressNumber>
          <AddressTypeCode>1</AddressTypeCode>
          <City xsi:nil="true"></City>
          <County xsi:nil="true"></County>
          <Country xsi:nil="true"></Country>
          <Fax xsi:nil="true"></Fax>
          <FreightTermsCode xsi:nil="true"></FreightTermsCode>
          <ImportSequenceNumber xsi:nil="true"></ImportSequenceNumber>
          <Latitude xsi:nil="true"></Latitude>
          <Line1 xsi:nil="true"></Line1>
          <Line2 xsi:nil="true"></Line2>
          <Line3 xsi:nil="true"></Line3>
          <Longitude xsi:nil="true"></Longitude>
          <Name xsi:nil="true"></Name>
          <PostalCode xsi:nil="true"></PostalCode>
          <PostOfficeBox xsi:nil="true"></PostOfficeBox>
          <PrimaryContactName xsi:nil="true"></PrimaryContactName>
          <ShippingMethodCode>1</ShippingMethodCode>
          <StateOrProvince xsi:nil="true"></StateOrProvince>
          <Telephone1 xsi:nil="true"></Telephone1>
          <Telephone2 xsi:nil="true"></Telephone2>
          <Telephone3 xsi:nil="true"></Telephone3>
          <TimeZoneRuleVersionNumber xsi:nil="true"></TimeZoneRuleVersionNumber>
          <UPSZone xsi:nil="true"></UPSZone>
          <UTCOffset xsi:nil="true"></UTCOffset>
          <UTCConversionTimeZoneCode xsi:nil="true"></UTCConversionTimeZoneCode>
        </Address>
      </Addresses>
    </Publisher>
    <RootComponents>
      <RootComponent type="91" id="{7090598e-51bc-4db8-8452-b7a03ddcfc72}" schemaName="D365PSA PMAccessRights, Version=1.0.0.0, Culture=neutral, PublicKeyToken=8df28d5bbd447ffc" behavior="0" />
      <RootComponent type="92" id="{145cf02e-cf39-e911-a979-000d3a3ab886}" behavior="0" />
    </RootComponents>
    <MissingDependencies>
      <MissingDependency>
        <Required key="0" type="1" schemaName="msdyn_project" displayName="Project" solution="ProjectService (3.4.0.37)" />
        <Dependent key="1" type="93" id="{10453d9e-cf39-e911-a975-000d3a3ab6b4}" />
      </MissingDependency>
      <MissingDependency>
        <Required key="2" type="2" schemaName="msdyn_projectmanager" displayName="Project Manager" parentSchemaName="msdyn_project" parentDisplayName="Project" solution="ProjectService (3.4.0.37)" />
        <Dependent key="1" type="93" id="{10453d9e-cf39-e911-a975-000d3a3ab6b4}" />
      </MissingDependency>
      <MissingDependency>
        <Required key="0" type="1" schemaName="msdyn_project" displayName="Project" solution="ProjectService (3.4.0.37)" />
        <Dependent key="3" type="92" displayName="D365PSA_PMAccessRights.GrantPMAccessRights: Update of msdyn_project" id="{145cf02e-cf39-e911-a979-000d3a3ab886}" />
      </MissingDependency>
      <MissingDependency>
        <Required key="2" type="2" schemaName="msdyn_projectmanager" displayName="Project Manager" parentSchemaName="msdyn_project" parentDisplayName="Project" solution="ProjectService (3.4.0.37)" />
        <Dependent key="3" type="92" displayName="D365PSA_PMAccessRights.GrantPMAccessRights: Update of msdyn_project" id="{145cf02e-cf39-e911-a979-000d3a3ab886}" />
      </MissingDependency>
    </MissingDependencies>
  </SolutionManifest>
</ImportExportXml>